{
  "arms": {
    "A_rrf_only": {
      "coherence_synthetic": 0.252,
      "latency_p50_ms": 48.75166609417647,
      "latency_p95_ms": 57.63062497135252,
      "latency_p99_ms": 58.283165912143886,
      "mean_latency_ms": 48.09246003860608,
      "mrr_at_k": 0.3893333333333333,
      "ndcg_at_k": 0.24100507288355197
    },
    "B_rrf_rerank": {
      "coherence_synthetic": 0.7879999999999999,
      "latency_p50_ms": 48.96354197990149,
      "latency_p95_ms": 58.186333044432104,
      "latency_p99_ms": 58.54337499476969,
      "mean_latency_ms": 48.29127235338092,
      "mrr_at_k": 1.0,
      "ndcg_at_k": 0.8398513787256939
    },
    "C_rrf_rerank_swcr": {
      "coherence_synthetic": 0.816,
      "latency_p50_ms": 50.8205839432776,
      "latency_p95_ms": 59.20458398759365,
      "latency_p99_ms": 60.58195803780109,
      "mean_latency_ms": 50.28252005344257,
      "mrr_at_k": 0.98,
      "ndcg_at_k": 0.857620826185749
    }
  },
  "benchmark_id": "B-RET-1",
  "decision": {
    "latency_p95_delta_ms_C_minus_B": 1.0182509431615472,
    "latency_p95_pct_regression": 1.7499830112751615,
    "mrr_regression_C_vs_B": true,
    "ndcg_pct_improvement_C_over_B": 2.1157847578956908,
    "thresholds": {
      "coherence_human_deferred": true,
      "latency_p95_regression_lte_15pct_or_100ms": true,
      "mrr_no_regression": false,
      "ndcg_improvement_gte_10pct": false
    },
    "verdict": "opt_in_recommended",
    "verdict_notes": "coherence_human gate requires 3 blind raters by 50 bundles and is deferred outside this single-session run. Final default-on ship decision blocks on that evidence per swcr-spec.md \u00a7Acceptance thresholds."
  },
  "env": {
    "arch": "arm64",
    "os": "macOS-26.3.1-arm64-arm-64bit",
    "python": "3.12.8",
    "tessera_sha": "f5e0c8176e7029a7069fcb4a15044bf329661ff1"
  },
  "inputs": {
    "cohere_arm": "skipped \u2014 no licensed key in session",
    "dataset": "benchmarks/B-RET-1-swcr-ablation/dataset/s1.json",
    "dim": 16,
    "embedder": "hash-fake",
    "human_raters": "deferred \u2014 requires 3 raters by 50 bundles",
    "k": 5,
    "n_facets": 2000,
    "n_queries": 50,
    "reranker": "keyword-overlap-fake"
  },
  "timestamp": "2026-04-19T20:37:50Z"
}
