{
  "benchmark_id": "B-SEC-1",
  "env": {
    "arch": "arm64",
    "os": "macOS-26.3.1-arm64-arm-64bit",
    "python": "3.12.8",
    "sqlcipher_version": "3.51.1",
    "sqlite_version": "3.47.1",
    "tessera_sha": "5c76c0b99fcdb431d30fdcadfcd6bfb0db3c7373"
  },
  "inputs": {
    "facets": 1000,
    "passphrase_bytes": 24,
    "trials": 500
  },
  "metrics": {
    "encrypted": {
      "bootstrap_ms": 7.326124934479594,
      "read_p50_ms": 0.0029159709811210632,
      "read_p95_ms": 0.0034169061109423637,
      "unlock_p50_ms": 1.0372499818913639,
      "unlock_p95_ms": 1.136541017331183,
      "write_p50_ms": 0.1970209996215999,
      "write_p95_ms": 0.3077499568462372
    },
    "overhead": {
      "read_p50_ratio": 0.82348686589736,
      "read_p95_ratio": 0.863290096767552,
      "write_p50_ratio": 1.4387654517253265,
      "write_p95_ratio": 1.147250515352067
    },
    "plain": {
      "read_p50_ms": 0.0035410048440098763,
      "read_p95_ms": 0.003958004526793957,
      "write_p50_ms": 0.1369375386275351,
      "write_p95_ms": 0.26825000531971455
    }
  },
  "timestamp": "2026-04-18T22:05:17Z"
}
